complete blood count,0.2100512534379959
echocardiogram,0.191460520029068
chemistry panel,0.14081019163131714
ferritin level,0.11934732645750046
transcranial doppler,0.09826821833848953
reticulocyte count,0.08866091072559357
ophthalmology examination,0.03314918279647827
pulmonary function tests,-0.006909299176186323
