Lens opacity classification system,0.21831117570400238,1,0
Refraction test,0.1825682520866394,0,0
Visual acuity test,0.17711281776428223,0,0
Fundus photography,0.15192757546901703,0,0
Contrast sensitivity test,0.1404770314693451,0,0
Optical coherence tomography of eye,0.1386127769947052,0,0
Visual field test,0.10934553295373917,0,0
Intraocular pressure measurement,0.10425920784473419,0,0
Ophthalmologic ultrasound,0.09515079855918884,0,0
Slit lamp examination of eye,0.07841730862855911,0,0
