Lens opacity classification system,0.21831117570400238
Refraction test,0.1825682520866394
Visual acuity test,0.17711281776428223
Fundus photography,0.15192757546901703
Contrast sensitivity test,0.1404770314693451
Optical coherence tomography of eye,0.1386127769947052
Visual field test,0.10934553295373917
Intraocular pressure measurement,0.10425920784473419
Ophthalmologic ultrasound,0.09515079855918884
Slit lamp examination of eye,0.07841730862855911
