Comorbidity management,0.23066571354866028
Dialysis adequacy,0.22559496760368347
Symptom management,0.19617602229118347
Medication reconciliation,0.1609835922718048
Interdialytic weight monitoring,0.1361742615699768
Vascular access management,0.12067830562591553
Fluid volume status,0.109092116355896
Treatment complications,0.08496898412704468
Nutrition assessment,0.08047717809677124
Patient education,-0.026118872687220573
