Polycystic kidney disease,0.31504160165786743
Diabetic nephropathy,0.3133583962917328
Hypertensive kidney disease,0.27099111676216125
Chronic tubulointerstitial nephritis,0.19032911956310272
Chronic kidney disease,0.1735907942056656
Glomerulonephritis,0.1510583758354187
Acute kidney injury,0.11790257692337036
Renal sclerosis,0.11158956587314606
Lupus nephritis,0.09812528640031815
End stage renal disease,0.03517155349254608
