Type 1 diabetes mellitus,0.5470659136772156
Type 1 diabetes with complications,0.2150108814239502
Diabetes with ketoacidosis,0.10361432284116745
